[{
  "_id": {
    "$oid": "686010502dcf0ee90c5898c3"
  },
  "nodeValue": 1200,
  "activityData": {
    "device_id": 1200,
    "timestamp": "2025-06-28 21:23:14",
    "data": {
      "temperature": 32.52,
      "humidity": 75.16,
      "pressure": 997,
      "pm1": 15,
      "pm2_5": 24,
      "pm10": 24,
      "co": 0.000196,
      "voc": 1.212,
      "co2": 437
    },
    "calculated": {
      "aqi_dust": 1,
      "aqi_co": 1,
      "aqi_voc": 5,
      "aqi_co2": 2
    },
    "predicted": {
      "aqi_dust": 0,
      "aqi_co": 0
    },
    "status": {
      "dust": 0,
      "co": 0
    },
    "wait": 78,
    "dominant": "pmx"
  },
  "isDeleted": false,
  "timestampArr": [],
  "createdAt": {
    "$date": "2025-06-28T15:54:56.234Z"
  },
  "updatedAt": {
    "$date": "2025-06-28T15:54:56.234Z"
  },
  "__v": 0
},
{
  "_id": {
    "$oid": "685fd0092dcf0ee90c5870a6"
  },
  "nodeValue": 1200,
  "activityData": {
    "device_id": 1200,
    "timestamp": "2025-06-28 16:50:16",
    "data": {
      "temperature": 32.13,
      "humidity": 77.38,
      "pressure": 994,
      "pm1": 22,
      "pm2_5": 32,
      "pm10": 33,
      "co": 0.000134,
      "voc": 0.569,
      "co2": 457
    },
    "calculated": {
      "aqi_dust": 2,
      "aqi_co": 1,
      "aqi_voc": 3,
      "aqi_co2": 2
    },
    "predicted": {
      "aqi_dust": 0,
      "aqi_co": 0
    },
    "status": {
      "dust": 0,
      "co": 0
    },
    "wait": 217,
    "dominant": "pmx"
  },
  "isDeleted": false,
  "timestampArr": [],
  "createdAt": {
    "$date": "2025-06-28T11:20:41.601Z"
  },
  "updatedAt": {
    "$date": "2025-06-28T11:20:41.601Z"
  },
  "__v": 0
},
{
  "_id": {
    "$oid": "685fa0882dcf0ee90c5854ac"
  },
  "nodeValue": 1200,
  "activityData": {
    "device_id": 1200,
    "timestamp": "2025-06-28 13:26:37",
    "data": {
      "temperature": 31.91,
      "humidity": 73.86,
      "pressure": 996,
      "pm1": 22,
      "pm2_5": 30,
      "pm10": 34,
      "co": 0.00022,
      "voc": 1.386,
      "co2": 415
    },
    "calculated": {
      "aqi_dust": 1,
      "aqi_co": 1,
      "aqi_voc": 5,
      "aqi_co2": 2
    },
    "predicted": {
      "aqi_dust": 0,
      "aqi_co": 0
    },
    "status": {
      "dust": 0,
      "co": 0
    },
    "wait": 60,
    "dominant": "na"
  },
  "isDeleted": false,
  "timestampArr": [],
  "createdAt": {
    "$date": "2025-06-28T07:58:00.348Z"
  },
  "updatedAt": {
    "$date": "2025-06-28T07:58:00.348Z"
  },
  "__v": 0
},
{
  "_id": {
    "$oid": "685f25962dcf0ee90c581292"
  },
  "nodeValue": 1200,
  "activityData": {
    "device_id": 1200,
    "timestamp": "2025-06-28 04:43:01",
    "data": {
      "temperature": 31.56,
      "humidity": 75.02,
      "pressure": 1000,
      "pm1": 45,
      "pm2_5": 76,
      "pm10": 81,
      "co": 0,
      "voc": 1.468,
      "co2": 454
    },
    "calculated": {
      "aqi_dust": 3,
      "aqi_co": 1,
      "aqi_voc": 5,
      "aqi_co2": 2
    },
    "predicted": {
      "aqi_dust": 0,
      "aqi_co": 0
    },
    "status": {
      "dust": 0,
      "co": 0
    },
    "wait": 130,
    "dominant": "pmx"
  },
  "isDeleted": false,
  "timestampArr": [],
  "createdAt": {
    "$date": "2025-06-27T23:13:26.696Z"
  },
  "updatedAt": {
    "$date": "2025-06-27T23:13:26.696Z"
  },
  "__v": 0
},
{
  "_id": {
    "$oid": "685ec4542dcf0ee90c57d8be"
  },
  "nodeValue": 1200,
  "activityData": {
    "device_id": 1200,
    "timestamp": "2025-06-27 21:46:26",
    "data": {
      "temperature": 31.85,
      "humidity": 74.88,
      "pressure": 1001,
      "pm1": 47,
      "pm2_5": 77,
      "pm10": 84,
      "co": 0,
      "voc": 1.579,
      "co2": 487
    },
    "calculated": {
      "aqi_dust": 3,
      "aqi_co": 1,
      "aqi_voc": 5,
      "aqi_co2": 2
    },
    "predicted": {
      "aqi_dust": 0,
      "aqi_co": 0
    },
    "status": {
      "dust": 0,
      "co": 0
    },
    "wait": 99,
    "dominant": "pmx"
  },
  "isDeleted": false,
  "timestampArr": [],
  "createdAt": {
    "$date": "2025-06-27T16:18:28.769Z"
  },
  "updatedAt": {
    "$date": "2025-06-27T16:18:28.769Z"
  },
  "__v": 0
},
{
  "_id": {
    "$oid": "685b0c6277805fc780535823"
  },
  "nodeValue": 1200,
  "activityData": {
    "device_id": 1200,
    "timestamp": "2025-06-25 02:04:18",
    "data": {
      "temperature": 34.05,
      "humidity": 69.76,
      "pressure": 999,
      "pm1": 10,
      "pm2_5": 14,
      "pm10": 14,
      "co": 0.000197,
      "voc": 1.243,
      "co2": 450
    },
    "calculated": {
      "aqi_dust": 1,
      "aqi_co": 1,
      "aqi_voc": 5,
      "aqi_co2": 2
    },
    "predicted": {
      "aqi_dust": 0,
      "aqi_co": 0
    },
    "status": {
      "dust": 0,
      "co": 0
    },
    "wait": 62,
    "dominant": "pmx"
  },
  "isDeleted": false,
  "timestampArr": [],
  "createdAt": {
    "$date": "2025-06-24T20:36:50.930Z"
  },
  "updatedAt": {
    "$date": "2025-06-24T20:36:50.930Z"
  },
  "__v": 0
},
{
  "_id": {
    "$oid": "685ac64777805fc780533408"
  },
  "nodeValue": 1200,
  "activityData": {
    "device_id": 1200,
    "timestamp": "2025-06-24 21:06:18",
    "data": {
      "temperature": 34.13,
      "humidity": 68.4,
      "pressure": 999,
      "pm1": 12,
      "pm2_5": 14,
      "pm10": 15,
      "co": 0.000195,
      "voc": 1.239,
      "co2": 559
    },
    "calculated": {
      "aqi_dust": 1,
      "aqi_co": 1,
      "aqi_voc": 5,
      "aqi_co2": 2
    },
    "predicted": {
      "aqi_dust": 0,
      "aqi_co": 0
    },
    "status": {
      "dust": 0,
      "co": 0
    },
    "wait": 60,
    "dominant": "na"
  },
  "isDeleted": false,
  "timestampArr": [],
  "createdAt": {
    "$date": "2025-06-24T15:37:43.933Z"
  },
  "updatedAt": {
    "$date": "2025-06-24T15:37:43.933Z"
  },
  "__v": 0
},
{
  "_id": {
    "$oid": "685a9b9f77805fc780531e4e"
  },
  "nodeValue": 1200,
  "activityData": {
    "device_id": 1200,
    "timestamp": "2025-06-24 18:03:41",
    "data": {
      "temperature": 34.01,
      "humidity": 68.69,
      "pressure": 995,
      "pm1": 12,
      "pm2_5": 18,
      "pm10": 20,
      "co": 0.000216,
      "voc": 1.428,
      "co2": 648
    },
    "calculated": {
      "aqi_dust": 1,
      "aqi_co": 1,
      "aqi_voc": 5,
      "aqi_co2": 2
    },
    "predicted": {
      "aqi_dust": 0,
      "aqi_co": 0
    },
    "status": {
      "dust": 0,
      "co": 0
    },
    "wait": 99,
    "dominant": "pmx"
  },
  "isDeleted": false,
  "timestampArr": [],
  "createdAt": {
    "$date": "2025-06-24T12:35:43.990Z"
  },
  "updatedAt": {
    "$date": "2025-06-24T12:35:43.990Z"
  },
  "__v": 0
},
{
  "_id": {
    "$oid": "685a9a7577805fc780531dd2"
  },
  "nodeValue": 1200,
  "activityData": {
    "device_id": 1200,
    "timestamp": "2025-06-24 17:58:43",
    "data": {
      "temperature": 34.02,
      "humidity": 68.88,
      "pressure": 995,
      "pm1": 14,
      "pm2_5": 18,
      "pm10": 18,
      "co": 0.000216,
      "voc": 1.438,
      "co2": 647
    },
    "calculated": {
      "aqi_dust": 1,
      "aqi_co": 1,
      "aqi_voc": 5,
      "aqi_co2": 2
    },
    "predicted": {
      "aqi_dust": 0,
      "aqi_co": 0
    },
    "status": {
      "dust": 0,
      "co": 0
    },
    "wait": 99,
    "dominant": "pmx"
  },
  "isDeleted": false,
  "timestampArr": [],
  "createdAt": {
    "$date": "2025-06-24T12:30:45.938Z"
  },
  "updatedAt": {
    "$date": "2025-06-24T12:30:45.938Z"
  },
  "__v": 0
},
{
  "_id": {
    "$oid": "685a835e77805fc780531224"
  },
  "nodeValue": 1200,
  "activityData": {
    "device_id": 1200,
    "timestamp": "2025-06-24 16:21:51",
    "data": {
      "temperature": 33.78,
      "humidity": 69.99,
      "pressure": 995,
      "pm1": 17,
      "pm2_5": 23,
      "pm10": 23,
      "co": 0.000203,
      "voc": 1.305,
      "co2": 619
    },
    "calculated": {
      "aqi_dust": 1,
      "aqi_co": 1,
      "aqi_voc": 5,
      "aqi_co2": 2
    },
    "predicted": {
      "aqi_dust": 0,
      "aqi_co": 0
    },
    "status": {
      "dust": 0,
      "co": 0
    },
    "wait": 90,
    "dominant": "pmx"
  },
  "isDeleted": false,
  "timestampArr": [],
  "createdAt": {
    "$date": "2025-06-24T10:52:14.227Z"
  },
  "updatedAt": {
    "$date": "2025-06-24T10:52:14.227Z"
  },
  "__v": 0
},
{
  "_id": {
    "$oid": "685a1dce77805fc78052e02c"
  },
  "nodeValue": 1200,
  "activityData": {
    "device_id": 1200,
    "timestamp": "2025-06-24 09:07:31",
    "data": {
      "temperature": 32.81,
      "humidity": 71.79,
      "pressure": 998,
      "pm1": 35,
      "pm2_5": 55,
      "pm10": 62,
      "co": 0.000234,
      "voc": 1.429,
      "co2": 422
    },
    "calculated": {
      "aqi_dust": 2,
      "aqi_co": 1,
      "aqi_voc": 5,
      "aqi_co2": 2
    },
    "predicted": {
      "aqi_dust": 0,
      "aqi_co": 0
    },
    "status": {
      "dust": 0,
      "co": 0
    },
    "wait": 60,
    "dominant": "na"
  },
  "isDeleted": false,
  "timestampArr": [],
  "createdAt": {
    "$date": "2025-06-24T03:38:54.572Z"
  },
  "updatedAt": {
    "$date": "2025-06-24T03:38:54.572Z"
  },
  "__v": 0
},
{
  "_id": {
    "$oid": "685a186877805fc78052dd7b"
  },
  "nodeValue": 1200,
  "activityData": {
    "device_id": 1200,
    "timestamp": "2025-06-24 08:44:25",
    "data": {
      "temperature": 32.79,
      "humidity": 71.79,
      "pressure": 997,
      "pm1": 37,
      "pm2_5": 63,
      "pm10": 73,
      "co": 0,
      "voc": 1.445,
      "co2": 423
    },
    "calculated": {
      "aqi_dust": 3,
      "aqi_co": 1,
      "aqi_voc": 5,
      "aqi_co2": 2
    },
    "predicted": {
      "aqi_dust": 0,
      "aqi_co": 0
    },
    "status": {
      "dust": 0,
      "co": 0
    },
    "wait": 60,
    "dominant": "pmx"
  },
  "isDeleted": false,
  "timestampArr": [],
  "createdAt": {
    "$date": "2025-06-24T03:15:52.301Z"
  },
  "updatedAt": {
    "$date": "2025-06-24T03:15:52.301Z"
  },
  "__v": 0
},
{
  "_id": {
    "$oid": "68586cfc77805fc78051fcf9"
  },
  "nodeValue": 1200,
  "activityData": {
    "device_id": 1200,
    "timestamp": "2025-06-23 02:20:48",
    "data": {
      "temperature": 31.51,
      "humidity": 76.09,
      "pressure": 998,
      "pm1": 48,
      "pm2_5": 77,
      "pm10": 78,
      "co": 0.000293,
      "voc": 1.753,
      "co2": 390
    },
    "calculated": {
      "aqi_dust": 3,
      "aqi_co": 1,
      "aqi_voc": 5,
      "aqi_co2": 1
    },
    "predicted": {
      "aqi_dust": 0,
      "aqi_co": 0
    },
    "status": {
      "dust": 0,
      "co": 0
    },
    "wait": 60,
    "dominant": "na"
  },
  "isDeleted": false,
  "timestampArr": [],
  "createdAt": {
    "$date": "2025-06-22T20:52:12.738Z"
  },
  "updatedAt": {
    "$date": "2025-06-22T20:52:12.738Z"
  },
  "__v": 0
},
{
  "_id": {
    "$oid": "6856ae8477805fc780510e02"
  },
  "nodeValue": 1200,
  "activityData": {
    "device_id": 1200,
    "timestamp": "2025-06-21 18:35:14",
    "data": {
      "temperature": 32.17,
      "humidity": 75.58,
      "pressure": 999,
      "pm1": 98,
      "pm2_5": 145,
      "pm10": 156,
      "co": 0.000173,
      "voc": 0.796,
      "co2": 419
    },
    "calculated": {
      "aqi_dust": 5,
      "aqi_co": 1,
      "aqi_voc": 3,
      "aqi_co2": 2
    },
    "predicted": {
      "aqi_dust": 0,
      "aqi_co": 0
    },
    "status": {
      "dust": 0,
      "co": 0
    },
    "wait": 99,
    "dominant": "pmx"
  },
  "isDeleted": false,
  "timestampArr": [],
  "createdAt": {
    "$date": "2025-06-21T13:07:16.881Z"
  },
  "updatedAt": {
    "$date": "2025-06-21T13:07:16.881Z"
  },
  "__v": 0
},
{
  "_id": {
    "$oid": "6855efb077805fc78050a2a3"
  },
  "nodeValue": 1200,
  "activityData": {
    "device_id": 1200,
    "timestamp": "2025-06-21 05:01:19",
    "data": {
      "temperature": 30.25,
      "humidity": 74.42,
      "pressure": 1000,
      "pm1": 41,
      "pm2_5": 71,
      "pm10": 78,
      "co": 0.000247,
      "voc": 1.44,
      "co2": 415
    },
    "calculated": {
      "aqi_dust": 3,
      "aqi_co": 1,
      "aqi_voc": 5,
      "aqi_co2": 2
    },
    "predicted": {
      "aqi_dust": 0,
      "aqi_co": 0
    },
    "status": {
      "dust": 0,
      "co": 0
    },
    "wait": 80,
    "dominant": "pmx"
  },
  "isDeleted": false,
  "timestampArr": [],
  "createdAt": {
    "$date": "2025-06-20T23:33:04.038Z"
  },
  "updatedAt": {
    "$date": "2025-06-20T23:33:04.038Z"
  },
  "__v": 0
},
{
  "_id": {
    "$oid": "6855288b77805fc780503048"
  },
  "nodeValue": 1200,
  "activityData": {
    "device_id": 1200,
    "timestamp": "2025-06-20 14:52:00",
    "data": {
      "temperature": 29.96,
      "humidity": 80.45,
      "pressure": 998,
      "pm1": 12,
      "pm2_5": 17,
      "pm10": 17,
      "co": 0.000092,
      "voc": 0.345,
      "co2": 361
    },
    "calculated": {
      "aqi_dust": 1,
      "aqi_co": 1,
      "aqi_voc": 2,
      "aqi_co2": 1
    },
    "predicted": {
      "aqi_dust": 0,
      "aqi_co": 0
    },
    "status": {
      "dust": 0,
      "co": 0
    },
    "wait": 60,
    "dominant": "na"
  },
  "isDeleted": false,
  "timestampArr": [],
  "createdAt": {
    "$date": "2025-06-20T09:23:23.546Z"
  },
  "updatedAt": {
    "$date": "2025-06-20T09:23:23.546Z"
  },
  "__v": 0
},
{
  "_id": {
    "$oid": "6854b7c577805fc7804ff021"
  },
  "nodeValue": 1200,
  "activityData": {
    "device_id": 1200,
    "timestamp": "2025-06-20 06:50:48",
    "data": {
      "temperature": 29.24,
      "humidity": 80.76,
      "pressure": 1000,
      "pm1": 12,
      "pm2_5": 23,
      "pm10": 24,
      "co": 0.000092,
      "voc": 0.332,
      "co2": 383
    },
    "calculated": {
      "aqi_dust": 1,
      "aqi_co": 1,
      "aqi_voc": 2,
      "aqi_co2": 1
    },
    "predicted": {
      "aqi_dust": 0,
      "aqi_co": 0
    },
    "status": {
      "dust": 0,
      "co": 0
    },
    "wait": 60,
    "dominant": "na"
  },
  "isDeleted": false,
  "timestampArr": [],
  "createdAt": {
    "$date": "2025-06-20T01:22:13.978Z"
  },
  "updatedAt": {
    "$date": "2025-06-20T01:22:13.978Z"
  },
  "__v": 0
},
{
  "_id": {
    "$oid": "6850ec4801318555bc85f76f"
  },
  "nodeValue": 1200,
  "activityData": {
    "device_id": 1200,
    "timestamp": "2025-06-17 09:45:49",
    "data": {
      "temperature": 32.44,
      "humidity": 48.37,
      "pressure": 1011,
      "pm1": 5,
      "pm2_5": 6,
      "pm10": 6,
      "co": 0,
      "voc": 1.079,
      "co2": 888
    },
    "calculated": {
      "aqi_dust": 1,
      "aqi_co": 1,
      "aqi_voc": 5,
      "aqi_co2": 2
    },
    "predicted": {
      "aqi_dust": 0,
      "aqi_co": 0
    },
    "status": {
      "dust": 0,
      "co": 0
    }
  },
  "isDeleted": false,
  "timestampArr": [],
  "createdAt": {
    "$date": "2025-06-17T04:17:12.552Z"
  },
  "updatedAt": {
    "$date": "2025-06-17T04:17:12.552Z"
  },
  "__v": 0
},
{
  "_id": {
    "$oid": "685082ea01318555bc85bffb"
  },
  "nodeValue": 1200,
  "activityData": {
    "device_id": 1200,
    "timestamp": "2025-06-17 02:16:14",
    "data": {
      "temperature": 31.58,
      "humidity": 45.73,
      "pressure": 1010,
      "pm1": 6,
      "pm2_5": 9,
      "pm10": 9,
      "co": 0,
      "voc": 0.826,
      "co2": 1096
    },
    "calculated": {
      "aqi_dust": 1,
      "aqi_co": 1,
      "aqi_voc": 4,
      "aqi_co2": 3
    },
    "predicted": {
      "aqi_dust": 0,
      "aqi_co": 0
    },
    "status": {
      "dust": 0,
      "co": 0
    }
  },
  "isDeleted": false,
  "timestampArr": [],
  "createdAt": {
    "$date": "2025-06-16T20:47:38.364Z"
  },
  "updatedAt": {
    "$date": "2025-06-16T20:47:38.364Z"
  },
  "__v": 0
},
{
  "_id": {
    "$oid": "6850790d01318555bc85ba1c"
  },
  "nodeValue": 1200,
  "activityData": {
    "device_id": 1200,
    "timestamp": "2025-06-17 01:34:09",
    "data": {
      "temperature": 31.39,
      "humidity": 45.07,
      "pressure": 1010,
      "pm1": 7,
      "pm2_5": 10,
      "pm10": 10,
      "co": 0,
      "voc": 0.801,
      "co2": 1137
    },
    "calculated": {
      "aqi_dust": 1,
      "aqi_co": 1,
      "aqi_voc": 4,
      "aqi_co2": 3
    },
    "predicted": {
      "aqi_dust": 0,
      "aqi_co": 0
    },
    "status": {
      "dust": 0,
      "co": 0
    }
  },
  "isDeleted": false,
  "timestampArr": [],
  "createdAt": {
    "$date": "2025-06-16T20:05:33.161Z"
  },
  "updatedAt": {
    "$date": "2025-06-16T20:05:33.161Z"
  },
  "__v": 0
},
{
  "_id": {
    "$oid": "6850317c01318555bc8592d0"
  },
  "nodeValue": 1200,
  "activityData": {
    "device_id": 1200,
    "timestamp": "2025-06-16 20:28:49",
    "data": {
      "temperature": 26.02,
      "humidity": 39.94,
      "pressure": 1008,
      "pm1": 4,
      "pm2_5": 5,
      "pm10": 6,
      "co": 0.000047,
      "voc": 0.399,
      "co2": 1753
    },
    "calculated": {
      "aqi_dust": 1,
      "aqi_co": 1,
      "aqi_voc": 2,
      "aqi_co2": 4
    },
    "predicted": {
      "aqi_dust": 0,
      "aqi_co": 0
    },
    "status": {
      "dust": 0,
      "co": 0
    }
  },
  "isDeleted": false,
  "timestampArr": [],
  "createdAt": {
    "$date": "2025-06-16T15:00:12.697Z"
  },
  "updatedAt": {
    "$date": "2025-06-16T15:00:12.697Z"
  },
  "__v": 0
},
{
  "_id": {
    "$oid": "684f705801318555bc852a60"
  },
  "nodeValue": 1200,
  "activityData": {
    "device_id": 1200,
    "timestamp": "2025-06-16 06:44:45",
    "data": {
      "temperature": 32.51,
      "humidity": 48.47,
      "pressure": 1007,
      "pm1": 15,
      "pm2_5": 22,
      "pm10": 24,
      "co": 0,
      "voc": 1.139,
      "co2": 586
    },
    "calculated": {
      "aqi_dust": 1,
      "aqi_co": 1,
      "aqi_voc": 5,
      "aqi_co2": 2
    },
    "predicted": {
      "aqi_dust": 0,
      "aqi_co": 0
    },
    "status": {
      "dust": 0,
      "co": 0
    }
  },
  "isDeleted": false,
  "timestampArr": [],
  "createdAt": {
    "$date": "2025-06-16T01:16:08.676Z"
  },
  "updatedAt": {
    "$date": "2025-06-16T01:16:08.676Z"
  },
  "__v": 0
},
{
  "_id": {
    "$oid": "684cfd4601318555bc83e1b3"
  },
  "nodeValue": 1200,
  "activityData": {
    "device_id": 1200,
    "timestamp": "2025-06-14 10:09:18",
    "data": {
      "temperature": 33.08,
      "humidity": 50.96,
      "pressure": 1008,
      "pm1": 19,
      "pm2_5": 30,
      "pm10": 32,
      "co": 0,
      "voc": 1.453,
      "co2": 1023
    },
    "calculated": {
      "aqi_dust": 1,
      "aqi_co": 1,
      "aqi_voc": 5,
      "aqi_co2": 3
    },
    "predicted": {
      "aqi_dust": 0,
      "aqi_co": 0
    },
    "status": {
      "dust": 0,
      "co": 0
    }
  },
  "isDeleted": false,
  "timestampArr": [],
  "createdAt": {
    "$date": "2025-06-14T04:40:38.644Z"
  },
  "updatedAt": {
    "$date": "2025-06-14T04:40:38.644Z"
  },
  "__v": 0
},
{
  "_id": {
    "$oid": "684b2d9301318555bc82f4f1"
  },
  "nodeValue": 1200,
  "activityData": {
    "device_id": 1200,
    "timestamp": "2025-06-13 01:10:42",
    "data": {
      "temperature": 32.13,
      "humidity": 47.54,
      "pressure": 1005,
      "pm1": 13,
      "pm2_5": 17,
      "pm10": 19,
      "co": 0.000124,
      "voc": 1.208,
      "co2": 1456
    },
    "calculated": {
      "aqi_dust": 1,
      "aqi_co": 1,
      "aqi_voc": 5,
      "aqi_co2": 3
    },
    "predicted": {
      "aqi_dust": 0,
      "aqi_co": 0
    },
    "status": {
      "dust": 0,
      "co": 0
    }
  },
  "isDeleted": false,
  "timestampArr": [],
  "createdAt": {
    "$date": "2025-06-12T19:42:11.100Z"
  },
  "updatedAt": {
    "$date": "2025-06-12T19:42:11.100Z"
  },
  "__v": 0
},
{
  "_id": {
    "$oid": "6845e10301318555bc801a3f"
  },
  "nodeValue": 1200,
  "activityData": {
    "device_id": 1200,
    "timestamp": "2025-06-09 00:42:47",
    "data": {
      "temperature": 31.12,
      "humidity": 42.34,
      "pressure": 1010,
      "pm1": 24,
      "pm2_5": 32,
      "pm10": 32,
      "co": 0,
      "voc": 0.576,
      "co2": 644
    },
    "calculated": {
      "aqi_dust": 2,
      "aqi_co": 1,
      "aqi_voc": 3,
      "aqi_co2": 2
    },
    "predicted": {
      "aqi_dust": 0,
      "aqi_co": 0
    },
    "status": {
      "dust": 0,
      "co": 0
    }
  },
  "isDeleted": false,
  "timestampArr": [],
  "createdAt": {
    "$date": "2025-06-08T19:14:11.018Z"
  },
  "updatedAt": {
    "$date": "2025-06-08T19:14:11.018Z"
  },
  "__v": 0
},
{
  "_id": {
    "$oid": "6845ccbb01318555bc801050"
  },
  "nodeValue": 1200,
  "activityData": {
    "device_id": 1200,
    "timestamp": "2025-06-08 23:16:19",
    "data": {
      "temperature": 29.8,
      "humidity": 39.5,
      "pressure": 1011,
      "pm1": 25,
      "pm2_5": 40,
      "pm10": 43,
      "co": 0,
      "voc": 0.511,
      "co2": 714
    },
    "calculated": {
      "aqi_dust": 2,
      "aqi_co": 1,
      "aqi_voc": 3,
      "aqi_co2": 2
    },
    "predicted": {
      "aqi_dust": 0,
      "aqi_co": 0
    },
    "status": {
      "dust": 0,
      "co": 0
    }
  },
  "isDeleted": false,
  "timestampArr": [],
  "createdAt": {
    "$date": "2025-06-08T17:47:39.986Z"
  },
  "updatedAt": {
    "$date": "2025-06-08T17:47:39.986Z"
  },
  "__v": 0
},
{
  "_id": {
    "$oid": "68442ef701318555bc7f5a5e"
  },
  "nodeValue": 1200,
  "activityData": {
    "device_id": 1200,
    "timestamp": "2025-06-07 17:50:55",
    "data": {
      "temperature": 30.79,
      "humidity": 43.64,
      "pressure": 1009,
      "pm1": 36,
      "pm2_5": 54,
      "pm10": 59,
      "co": 0,
      "voc": 0.685,
      "co2": 682
    },
    "calculated": {
      "aqi_dust": 2,
      "aqi_co": 1,
      "aqi_voc": 3,
      "aqi_co2": 2
    },
    "predicted": {
      "aqi_dust": 0,
      "aqi_co": 0
    },
    "status": {
      "dust": 0,
      "co": 0
    }
  },
  "isDeleted": false,
  "timestampArr": [],
  "createdAt": {
    "$date": "2025-06-07T12:22:15.999Z"
  },
  "updatedAt": {
    "$date": "2025-06-07T12:22:15.999Z"
  },
  "__v": 0
},
{
  "_id": {
    "$oid": "68433bb301318555bc7ee414"
  },
  "nodeValue": 1200,
  "activityData": {
    "device_id": 1200,
    "timestamp": "2025-06-07 00:32:59",
    "data": {
      "temperature": 32.76,
      "humidity": 50.01,
      "pressure": 1012,
      "pm1": 35,
      "pm2_5": 50,
      "pm10": 50,
      "co": 0,
      "voc": 1.167,
      "co2": 666
    },
    "calculated": {
      "aqi_dust": 2,
      "aqi_co": 1,
      "aqi_voc": 5,
      "aqi_co2": 2
    },
    "predicted": {
      "aqi_dust": 0,
      "aqi_co": 0
    },
    "status": {
      "dust": 0,
      "co": 0
    }
  },
  "isDeleted": false,
  "timestampArr": [],
  "createdAt": {
    "$date": "2025-06-06T19:04:19.987Z"
  },
  "updatedAt": {
    "$date": "2025-06-06T19:04:19.987Z"
  },
  "__v": 0
}]